TITLE,AUTHOR,PUBLISHER,PRICE,YEAR,ISBN10,ASIN,AMZN
The Midnight Eye Guide to New Japanese Film,Tom Mes and Jasper Sharp,NA,NA,NA,NA,NA,NA
Finance Fourth Edition,Fardon and Cox,Osborne,NA,NA,NA,NA,NA
Security Analysis The Classic 1951 Edition,Benjamin Graham and David Dodd,McGraw Hill,NA,NA,NA,NA,NA
Security Analysis Fifth Edition,Graham and Dodd,NA,NA,NA,NA,NA,NA
Symbols of transformation,Carl Jung,Routledge,NA,NA,NA,NA,NA
Mobius on emerging markets,Mark Mobius,FT,NA,NA,NA,NA,NA
Analyzing Companies and Valuing Shares,Michael Cahill,FT,NA,NA,NA,NA,NA
Security Analysis Sixth Edition,Graham and Dodd,NA,NA,NA,NA,NA,NA
AA Book of the Car First Edition,NA,AA,NA,1970,NA,NA,NA
Turn left at orion,Guy Consolmagno and Dan M Davis,Cambridge,NA,NA,NA,NA,NA
Standard and Poors 500 Guide 2013,NA,McGraw Hill,NA,NA,NA,NA,NA
Standard and Poors 500 Guide 2010,NA,McGraw Hill,NA,NA,NA,NA,NA
Standard and Poors 500 Guide 2011,NA,McGraw Hill,NA,NA,NA,NA,NA
Standard and Poors 500 Guide 2009,NA,McGraw Hill,NA,NA,NA,NA,NA
The Buffetology Workbook,Mary Buffett,NA,NA,NA,NA,NA,NA
How the stock market really works,Leo Gough,FT,NA ,NA ,NA ,NA ,NA 
Patterns of Enterprise Application Architecture,Martin Fowler ,Addison Wesley,NA ,NA ,NA ,NA ,NA 
Sculpting in Time,Tarkovsky,NA,NA ,NA ,NA ,NA ,NA 
Batsfords Modern Chess Openings,Nick D Firmian,NA,NA ,NA ,NA ,NA ,NA 
The Complete Brothers Grimm Fairy Tales,NA,Gramercy,NA ,NA ,NA ,NA ,NA 
The Penguin Book of Classical Myths,Jenny March,NA,NA ,NA ,NA ,NA ,NA 
Bulletproof diet,Dave Asprey,NA,NA ,NA ,NA ,NA ,NA 
Enterprise Architecture as strategy,"Jeanne W Ross, Peter Weill, David C Robertson",Harvard Business Review,NA ,NA ,NA ,NA ,NA 
Foundations of programming,Mike James,NA,NA ,NA ,NA ,NA ,NA 
"How to trim, groom and show your dog",Blanche Saunders,NA,NA ,NA ,NA ,NA ,NA 
Constellations,Giles Sparrow,NA,NA ,NA ,NA ,NA ,NA 
Think and grow rich,Napoleon Hill,NA,NA ,NA ,NA ,NA ,NA 
Readers Digest DIY Manual,NA,NA,NA ,NA ,NA ,NA ,NA 
RHS Encyclopedia of Gardening,NA,DK,NA ,NA ,NA ,NA ,NA 
Financial Reporting and Analysis,Charles H Gibson,NA,NA ,NA ,NA ,NA ,NA 
Lawnmower Manual,Brian Radam,Haynes,NA ,NA ,NA ,NA ,NA 
Trees in Britain Europe and North America,Roger Phillips,MacMillan,NA ,NA ,0-330-25480-4,NA ,NA 
Garden Buildings Manual,Tony Lush,Haynes,NA ,NA ,NA ,NA ,NA 
The Bike Book 5th Edition,,Haynes,NA ,NA ,NA ,NA ,NA 
Home Extension Manual,,Haynes,NA ,NA ,NA ,NA ,NA 
Home Buying and Selling Manual,,Haynes,NA ,NA ,NA ,NA ,NA 
Cabinets and Storage Solutions: The best of woodworkers journal,,Fox Chapel,NA ,NA ,978-1-56523-344-7,,NA 
The Well Tempered Garden,Chrisopher Lloyd,Folio,NA ,NA ,NA ,NA ,NA 
Bonsai,,DK,NA ,NA ,978-1-4093-4408-7,,NA 
The Flowering Shrub Expert,,NA ,NA ,NA ,NA ,NA ,NA 
Vinegar 1001 Practical Uses,Margaret Briggs,NA ,NA ,NA ,978-1-8614-7167-3,,NA 
Mushrooms,John Wright,Bloomsbury,NA ,NA ,978-0-7475-8932-7,,NA 
